{"validation_loss": 5.4875356405973434, "bleu": 2.551461090966962}