{"validation_loss": 5.862475857138634, "bleu": 1.5542227166415625}