{"validation_loss": 5.4249380230903625, "bleu": 2.4194699854965642}