{"validation_loss": 5.406221270561218, "bleu": 2.8674548309149275}