{"validation_loss": 5.732490956783295, "bleu": 1.582288960408082}