{"validation_loss": 5.6536586582660675, "bleu": 2.0474236828151335}