{"validation_loss": 5.428673058748245, "bleu": 3.6322856039646396, "training_time": 28.140254020690918, "tokens_per_sec": 41738.205022798305}