{"validation_loss": 5.408900797367096, "bleu": 4.2774653609139355, "training_time": 30.73731803894043, "tokens_per_sec": 41781.28260604933}