{"validation_loss": 5.268050044775009, "bleu": 4.246965253099813, "training_time": 26.5694637298584, "tokens_per_sec": 41747.98809948276}