{"validation_loss": 5.310201421380043, "bleu": 5.058910794683729, "training_time": 49.95095157623291, "tokens_per_sec": 42799.03675749634}