{"validation_loss": 5.056528866291046, "bleu": 4.620824205417796, "training_time": 50.0163779258728, "tokens_per_sec": 42944.646242969044}