{"validation_loss": 5.154087528586388, "bleu": 4.781372840721059, "training_time": 50.06621599197388, "tokens_per_sec": 42958.01475244243}