{"validation_loss": 5.553273320198059, "bleu": 3.6834841409511894, "training_time": 26.53354787826538, "tokens_per_sec": 41852.92140379419}