{"validation_loss": 5.245703220367432, "bleu": 4.149867851166022, "training_time": 40.600505352020264, "tokens_per_sec": 41751.24284117185}