{"validation_loss": 5.238536328077316, "bleu": 4.093752956899987, "training_time": 49.98956918716431, "tokens_per_sec": 43255.58101302999}