{"validation_loss": 4.976678177714348, "bleu": 4.963495649520586, "training_time": 50.06574082374573, "tokens_per_sec": 42755.40349640251}