{"validation_loss": 5.445084631443024, "bleu": 4.076450646903139, "training_time": 26.619203567504883, "tokens_per_sec": 41993.4940733694}