{"validation_loss": 5.299211859703064, "bleu": 4.486927535321659, "training_time": 29.035444021224976, "tokens_per_sec": 41832.36688927273}