{"validation_loss": 4.978831574320793, "bleu": 5.459880069882196, "training_time": 50.031413078308105, "tokens_per_sec": 42783.24249279294}