{"validation_loss": 5.005463555455208, "bleu": 5.279709048638232, "training_time": 50.06266260147095, "tokens_per_sec": 42786.52000426617}