{"validation_loss": 5.903924077749252, "bleu": 1.7033790357222318, "training_time": 27.00066113471985, "tokens_per_sec": 41450.60252400569}