{"validation_loss": 5.261832654476166, "bleu": 4.803635940329681, "training_time": 29.28447127342224, "tokens_per_sec": 41696.82753890472}