{"validation_loss": 5.2657535672187805, "bleu": 5.575601556162932, "training_time": 28.622955799102783, "tokens_per_sec": 41724.97870441711}