{"validation_loss": 5.412281423807144, "bleu": 5.333422905053321, "training_time": 26.609334468841553, "tokens_per_sec": 41944.353316652414}