{"validation_loss": 5.340083420276642, "bleu": 4.4240918509439195, "training_time": 30.033436059951782, "tokens_per_sec": 41825.36948545995}