{"validation_loss": 5.946784168481827, "bleu": 1.549232699952828, "training_time": 27.473249673843384, "tokens_per_sec": 41472.612827596364}