{"validation_loss": 5.256797969341278, "bleu": 4.845070617614917, "training_time": 36.120827436447144, "tokens_per_sec": 41702.80761875088}