{"validation_loss": 5.331437021493912, "bleu": 5.072711848226728, "training_time": 26.618664979934692, "tokens_per_sec": 41689.1743945397}