{"validation_loss": 5.390910565853119, "bleu": 4.209342253550733, "training_time": 26.55468225479126, "tokens_per_sec": 41806.11395721392}