{"validation_loss": 5.3192930817604065, "bleu": 2.502800304073471, "training_time": 26.577725887298584, "tokens_per_sec": 41756.62365220771}