{"validation_loss": 5.592180281877518, "bleu": 2.5590641009236914, "training_time": 29.384345054626465, "tokens_per_sec": 41866.062128718055}