{"validation_loss": 5.218672543764114, "bleu": 4.8378379455298575, "training_time": 26.600270986557007, "tokens_per_sec": 41813.72024823501}