{"validation_loss": 5.239369630813599, "bleu": 4.741924037346637, "training_time": 26.6092586517334, "tokens_per_sec": 41675.313995282086}