{"validation_loss": 5.000128462910652, "bleu": 3.734891765192581, "training_time": 50.02532911300659, "tokens_per_sec": 42768.91686238772}