{"validation_loss": 5.13857214152813, "bleu": 4.025659240437357, "training_time": 49.99021649360657, "tokens_per_sec": 42797.87382454726}