{"validation_loss": 5.700458228588104, "bleu": 3.615251324835167, "training_time": 50.38994121551514, "tokens_per_sec": 42522.31425890324}